"Ref Calipso","","","","","","","","","Sex","Sise","",""
"Ordn","Gr","Sg","S","Sx","Nombre Comercial","","Nombre Cientifico","","Sex","Sise","$Bruto","$Bruto"
"MOLUSCOS","","","","","","","","","","","",""
"1000","01","01","1","3","Caracol ","Manzana","Caracol ","Manzana","N","Med","  500 ","  550.0 "
"TETRAS","","","","","","","","","","","",""
"1100","01","01","2","3","Tetra ","Coli Rojo","Aphyocharax","anisitsi","N","3cm","  2,000 ","  2,200.0 "
"1100","05","02","2","3","Tetra","Cola de Tijera","Hasemania","nana","N","3cm","  2,000 ","  2,200.0 "
"1100","10","03","2","3","Tetra ","Diamante","Moenkhausia","pittieri","N","3cm","  1,900 ","  2,090.0 "
"1100","35","12","1","3","Tetra","Pulcher","Emmigramus","Pulcher","N","3cm","  1,500 ","  1,650.0 "
"1100","40","12","1","3","Tetra","Colombiano","Hiphesopricon","Colombianus","N","3cm","  2,000 ","  2,200.0 "
"1100","10","04","2","3","Tetra ","Sta Filomena","Moenkhausia","Santafilomena","N","3cm","  2,000 ","  2,200.0 "
"1100","15","05","2","3","Tetra ","Llama Comun","Hyphessobrycon","Sweglrsi","N","3cm","  2,000 ","  2,200.0 "
"1100","15","06","1","3","Tetra ","Llama Velo","Hyphessobrycon","Sweglrsi","N","3cm","  3,500 ","  3,850.0 "
"1100","15","07","2","3","Tetra ","Neon Negro","Hyphesobrycom","herbertaxelrodi","N","2.5cm","  3,000 ","  3,300.0 "
"1100","20","08","2","3","Tetra ","Pingüino","Thayeria","oblicua","N","3cm","  3,000 ","  3,300.0 "
"1100","25","09","2","3","Tetra ","Fantasma Negro","Megalophodus","megalopterus","M","3cm","  3,000 ","  3,300.0 "
"1100","25","09","2","3","Tetra ","Fantasma Negro","Megalophodus","megalopterus","H","3cm","  2,500 ","  2,750.0 "
"1100","25","09","2","3","Tetra ","Vonrio","Hyphessobrycon","Flammeus","N","2.5cm","  2,500 ","  2,750.0 "
"1100","30","10","1","3","Monja ","BlackTetra","Gymnocorymbus","ternetzi","N","3.5cm","  1,400 ","  1,540.0 "
"1100","30","11","1","3","Monja ","Albina","Gymnocorymbus","ternetzi","N","3.5cm","  1,800 ","  1,980.0 "
"CIPRINIDOS","","","","","","","","","","","",""
"1200","01","01","2","3","Barbus","Arulius","Barbus","arulius","N","4cm","  1,300 ","  1,430.0 "
"1200","01","02","2","1","Barbus ","Rosy Rojo Velo","Barbus","conchonius","M","4cm","  2,650 ","  2,915.0 "
"1200","01","02","2","2","Barbus ","Rosy Rojo Velo","Barbus","conchonius","H","4cm","  1,300 ","  1,430.0 "
"1200","01","03","2","1","Barbus ","Rosy Corriente","Barbus","conchonius","M","3.5cm","  2,650 ","  2,915.0 "
"1200","01","03","2","2","Barbus ","Rosy Corriente","Barbus","conchonius","H","3.5cm","  1,250 ","  1,375.0 "
"1200","01","04","2","3","Barbus","Filamentoso","Barbus","filamentousus","N","4cm","  1,300 ","  1,430.0 "
"1200","01","05","2","3","Barbus","Rubi","Barbus","nigrofasciatus","N","3.5cm","  1,250 ","  1,375.0 "
"1200","01","06","2","1","Barbus ","Tablero de Ajedrez","Barbus","oligolepis","M","3cm","  2,150 ","  2,365.0 "
"1200","01","06","2","2","Barbus","Tablero de Ajedrez","Barbus","oligolepis","H","3cm","  1,250 ","  1,375.0 "
"1200","01","07","2","3","Barbus","T","Barbus","lateristriga","N","5cm","  1,350 ","  1,485.0 "
"1200","01","08","0","3","Barbus","Oro","Barbus","semifasciolatus","N","3.5cm","  1,350 ","  1,485.0 "
"1200","01","09","0","3","Barbus ","Sumatrano Albino","Barbus","tetrazona","N","3.5cm","  5,000 ","  5,500.0 "
"1200","01","10","0","3","Barbus","Sumatrano Corriente","Barbus","tetrazona","N","3.5cm","  2,000 ","  2,200.0 "
"1200","01","11","0","3","Barbus ","Sumatrano Verde","Barbus","tetrazona","N","3.5cm","  5,850 ","  6,435.0 "
"1200","01","12","2","3","Barbus","Odesa","Barbus","","N","5cm","  5,200 ","  5,720.0 "
"1200","05","13","1","3","Bailarina","(Doble Cola) Escama d Perla","Carassius","auratus","N","5cm","  23,000 ","  25,300.0 "
"1200","05","13","2","3","Bailarina","(Doble Cola) Escama d Perla","Carassius","auratus","N","6.5cm","  28,000 ","  30,800.0 "
"1200","05","14","1","3","Bailarina","(Doble Cola) Burbuja","Carassius","auratus","N","5cm","  15,000 ","  16,500.0 "
"1200","05","14","2","3","Bailarina","(Doble Cola) Burbuja","Carassius","auratus","N","6.5cm","  18,000 ","  19,800.0 "
"1200","05","15","1","3","Bailarina","(Doble Cola) Oranda","Carassius","auratus","N","6cm","  20,000 ","  22,000.0 "
"1200","05","15","2","3","Bailarina","(Doble Cola) Oranda","Carassius","auratus","N","7.5cm","  25,000 ","  27,500.0 "
"1200","05","18","2","3","Bailarina","(DobleCola) Ryunki","Carassius","auratus","N","#2","","  2,300.0 "
"1200","05","18","3","3","Bailarina","(DobleCola) Ryunki","Carassius","auratus","N","#3","","  2,450.0 "
"1200","05","18","4","3","Bailarina","(DobleCola) Ryunki","Carassius","auratus","N","#4","","  3,450.0 "
"1200","05","18","5","3","Bailarina","(DobleCola) Ryunki","Carassius","auratus","N","#5","","  4,950.0 "
"1200","05","16","2","3","Bailarina","(DobleCola) Sencilla","Carassius","auratus","N","#2","","  2,200.0 "
"1200","05","16","2","3","Bailarina","(DobleCola) Sencilla","Carassius","auratus","N","#3","","  2,350.0 "
"1200","05","16","2","3","Bailarina","(DobleCola) Sencilla","Carassius","auratus","N","#4","","  3,600.0 "
"1200","05","16","2","3","Bailarina","(DobleCola) Sencilla","Carassius","auratus","N","#5","","  4,800.0 "
"1200","05","17","2","3","Bailarina","(DobleCola) Red Cap","Carassius","auratus","N","#2","","  2,420.0 "
"1200","05","17","3","3","Bailarina","(DobleCola) Red Cap","Carassius","auratus","N","#3","","  2,695.0 "
"1200","05","17","4","3","Bailarina","(DobleCola) Red Cap","Carassius","auratus","N","#4","","  3,740.0 "
"1200","05","17","4","3","Bailarina","(DobleCola) Red Cap","Carassius","auratus","N","#5","","  5,060.0 "
"1200","05","19","2","3","Bailarina ","Telescopio Negra Ryunki","Carassius","auratus","N","#2","  2,200 ","  2,420.0 "
"1200","05","19","3","3","Bailarina","Telescopio Negra Ryunki","Carassius","auratus","N","#3","  2,450 ","  2,695.0 "
"1200","05","19","4","3","Bailarina","Telescopio Negra Ryunki","Carassius","auratus","N","#4","  3,400 ","  3,740.0 "
"1200","05","19","4","3","Bailarina","Telescopio Negra Ryunki","Carassius","auratus","N","#5","  4,600 ","  5,060.0 "
"1200","05","19","2","3","Bailarina ","Cálica","Carassius","auratus","N","#2","  2,200 ","  2,420.0 "
"1200","05","19","3","3","Bailarina","Cálica","Carassius","auratus","N","#3","  2,450 ","  2,695.0 "
"1200","05","19","4","3","Bailarina","Cálica","Carassius","auratus","N","#4","  3,400 ","  3,740.0 "
"1200","05","19","4","3","Bailarina","Cálica","Carassius","auratus","N","#5","  4,600 ","  5,060.0 "
"1200","10","20","10","3","Carpa Koi","Comun","Cyprinus ","Carpio","N","10cm","  20,000 ","  22,000.0 "
"1200","10","20","15","3","Carpa Koi","Comun","Cyprinus ","Carpio","N","15cm","  28,000 ","  30,800.0 "
"1200","10","20","20","3","Carpa Koi","Comun","Cyprinus ","Carpio","N","20cm","  35,000 ","  38,500.0 "
"1200","10","21","10","3","Carpa Koi","Amarilla","Cyprinus ","Carpio","N","10cm","  25,000 ","  27,500.0 "
"1200","10","21","15","3","Carpa Koi","Amarilla","Cyprinus ","Carpio","N","15cm","  35,000 ","  38,500.0 "
"1200","10","21","20","3","Carpa Koi","Amarilla","Cyprinus ","Carpio","N","20cm","  45,000 ","  49,500.0 "
"1200","10","32","2","3","Goldfish","Varios Plus ","Carassius","Auratus","N","#2","  1,400 ","  1,540.0 "
"1200","10","32","2","3","Goldfish","Varios Plus ","Carassius","Auratus","N","#3","  1,600 ","  1,760.0 "
"1200","10","32","2","3","Goldfish","Varios Plus ","Carassius","Auratus","N","#4","  2,550 ","  2,805.0 "
"1200","10","32","2","3","Goldfish","Varios Plus ","Carassius","Auratus","N","#5","  3,400 ","  3,740.0 "
"1200","10","32","2","3","Goldfish","Varios Plus ","Carassius","Auratus","N","#6","  4,500 ","  4,950.0 "
"1200","10","32","2","3","Goldfish","Varios Plus ","Carassius","Auratus","N","#7","  5,600 ","  6,160.0 "
"1200","10","32","2","3","Goldfish","Varios Plus ","Carassius","Auratus","N","#8","  7,000 ","  7,700.0 "
"1200","10","32","2","3","Goldfish","Varios Común","Carassius","Auratus","N","#2","  1,050 ","  1,155.0 "
"1200","10","32","3","3","Goldfish","Varios Común","Carassius","Auratus","N","#3","  1,400 ","  1,540.0 "
"1200","10","32","3","3","Goldfish","Varios Común","Carassius","Auratus","N","#4","  2,150 ","  2,365.0 "
"1200","10","32","4","3","Goldfish","Varios Común","Carassius","Auratus","N","#5","  3,000 ","  3,300.0 "
"1200","15","22","2","3","Rasbora","Coli Roja","Rasbora","Borapotensis","N","4cm","  1,300 ","  2,000.0 "
"1200","15","22","2","3","Rasbora","Spei","Rasbora","Heteromorfa","N","2.5cm","  4,500 ","  11,000.0 "
"1200","15","22","3","3","Rasbora","Arlequin","Rasbora","Arlequin","N","2,5cm","  4,500 ","  11,000.0 "
"1200","20","23","2","3","Danio ","Perla","Brachydanio","albolineatus","N","3cm","  1,100 ","  1,430.0 "
"1200","20","24","2","3","Danio ","Gigante","Brachydanio","malabaricus","N","5cm","  1,300 ","  1,430.0 "
"1200","20","27","2","3","Zebra","Común","Brachydanio","rerio","N","3cm","  700 ","  770.0 "
"1200","20","28","2","3","Zebra","Roja","Brachydanio","rerio","N","3cm","  900 ","  990.0 "
"1200","20","33","2","3","Zebra","Amarilla","Brachydanio","rerio","N","3cm","  900 ","  990.0 "
"1200","20","34","2","3","Zebra","Verde","Brachydanio","rerio","N","3cm","  900 ","  990.0 "
"1200","20","35","2","3","Zebra","Fucsia Roja","Brachydanio","rerio","N","3cm","  900 ","  990.0 "
"1200","25","29","2","3","Neon Chino","Común","Tanichthys","albonubes","N","2.5cm","  1,300 ","  1,430.0 "
"1200","25","29","2","3","Neon Chino","Velo","Tanichthys","albonubes","N","2.5cm","  1,950 ","  2,145.0 "
"ATHERINIFORMES","","","","","","","","","","","",""
"1300","01","01","2","3","Arco Iris","de Madagascar","Bedotia","geagi","N","4cm","  4,800 ","  10,000.0 "
"1300","05","02","2","3","Arco Iris","Rojo","Glossolepis","incisus","N","4.5cm","  4,800 ","  12,000.0 "
"1300","10","03","2","3","Arco Iris","Bosemani","Melanotenia","boesemani","N","4.5cm","  6,450 ","  14,000.0 "
"1300","10","04","2","3","Arco Iris","Axelrodi","Melanotenia","hebertaxelrodi","N","4.5cm","  4,800 ","  10,000.0 "
"1300","10","05","2","3","Arco Iris","McCuloch","Melanotenia","maccullochi","N","4.5cm","  3,800 ","  10,000.0 "
"1300","10","06","2","3","Arco Iris","Precox","Melanotenia","praecox","N","3cm","  4,800 ","  10,000.0 "
"1300","10","07","2","3","Arco Iris","Azul","Melanotenia","locustre","N","4cm","  4,800 ","  10,000.0 "
"1300","15","08","2","3","Arco Iris ","Aleta Filamentosa","Iriantherina","werneri","N","3cm","  6,450 ","  13,000.0 "
"1300","20","09","2","3","Arco Iris ","Islas Celebes","Telmatherina ","ladigesi","N","2.5cm","  6,450 ","  13,000.0 "
"POECILIDOS","","","","","","","","","","","",""
"1400","01","01","2","1","Gupy ","de Velo Multicolor","Poecilia","reticulata","M","4cm","  1,750 ","  1,925.0 "
"1400","01","01","3","1","Gupy","de Velo Multicolor","Poecilia","reticulata","H","4.5cm","  1,200 ","  1,320.0 "
"1400","01","02","2","3","Molly","Negra","Poecilia","latipina","N","4.5cm","  1,100 ","  1,210.0 "
"1400","01","03","2","3","Molly","Amarilla","Poecilia","latipina","N","4.5cm","  1,100 ","  1,210.0 "
"1400","01","07","2","3","Molly","Amarilla Ojo Rojo","Poecilia","latipina","N","4.5cm","  1,100 ","  1,210.0 "
"1400","01","04","2","3","Molly","Chocolate","Poecilia","latipina","N","4.5cm","  1,100 ","  1,210.0 "
"1400","01","15","2","3","Molly","Dalmata ","Poecilia","latipina","N","4.5cm","  1,100 ","  1,210.0 "
"1400","01","05","2","3","Molly","Globo","Poecilia","latipina","N","4.5cm","  1,100 ","  1,210.0 "
"1400","01","06","2","3","Molly","Silver","Poecilia","latipina","N","4.5cm","  1,100 ","  1,210.0 "
"1400","01","17","2","3","Molly","Lira","Poecilia","latipina","N","4.5cm","  1,750 ","  1,925.0 "
"1400","01","07","2","3","Espada","Varios","Poecilia","latipina","N","5cm","  1,250 ","  1,375.0 "
"1400","01","18","2","3","Espada","Koi","Poecilia","latipina","N","5cm","  3,200 ","  3,520.0 "
"1400","05","08","1","3","Platys","Gold","Xiphophorus","maculatus","N","3cm","  650 ","  715.0 "
"1400","05","08","2","3","Platys","Gold","Xiphophorus","maculatus","N","4cm","  900 ","  990.0 "
"1400","05","09","1","3","Platys","Mikey","Xiphophorus","maculatus","N","3cm","  650 ","  715.0 "
"1400","05","09","2","3","Platys","Mikey","Xiphophorus","maculatus","N","4cm","  900 ","  990.0 "
"1400","05","10","2","3","Platys","Plump Tail","Xiphophorus","maculatus","N","4.5cm","  1,300 ","  1,430.0 "
"1400","05","11","1","3","Platys","Rojo Coli Negro","Xiphophorus","maculatus","N","3cm","  650 ","  715.0 "
"1400","05","11","2","3","Platys","Rojo Coli Negro","Xiphophorus","maculatus","N","4cm","  900 ","  990.0 "
"1400","05","11","1","3","Platys","Manchado","Xiphophorus","maculatus","N","3cm","  650 ","  715.0 "
"1400","05","11","2","3","Platys","Manchado","Xiphophorus","maculatus","N","4cm","  900 ","  990.0 "
"1400","05","12","2","3","Platys","Velo Aleta Dorsal","Xiphophorus","variatus","N","4.5cm","  1,200 ","  1,320.0 "
"1400","05","13","1","3","Platys ","Variatus Amarillo ","Xiphophorus","variatus","N","3cm","  650 ","  715.0 "
"1400","05","13","2","3","Platys ","Variatus Amarillo ","Xiphophorus","variatus","N","4cm","  900 ","  990.0 "
"1400","05","14","1","3","Platys ","Variatus Negro","Xiphophorus","variatus","N","3cm","  650 ","  715.0 "
"1400","05","14","2","3","Platys ","Variatus Negro","Xiphophorus","variatus","N","4cm","  900 ","  990.0 "
"ANABANTIDOS","","","","","","","","","","","",""
"1500","01","01","1","1","Beta","Hembra (Hormonada)","Beta","splendens","H","3.5cm","  2,500 ","  2,750.0 "
"1500","01","01","1","1","Beta","Corona","Beta","splendens","M","3.5cm","  2,650 ","  2,915.0 "
"1500","01","01","2","1","Beta","Corona","Beta","splendens","M","4.5cm","  4,500 ","  4,950.0 "
"1500","01","01","3","1","Beta","Corona","Beta","splendens","M","5.5cm","  6,700 ","  7,370.0 "
"1500","01","02","1","1","Beta","Half Moon","Beta","splendens","M","3.5cm","  2,650 ","  2,915.0 "
"1500","01","02","2","1","Beta","Half Moon","Beta","splendens","M","4.5cm","  4,500 ","  4,950.0 "
"1500","01","02","4","1","Beta","Half Moon","Beta","splendens","M","5.5cm","  6,700 ","  7,370.0 "
"1500","01","02","3","1","Beta","Dragon","Beta","splendens","M","4.5cm","  8,000 ","  8,800.0 "
"1500","05","03","2","1","Colisa","Lalia Estandar","Colisa","lalia","M","3.5cm","  2,600 ","  2,860.0 "
"1500","05","04","2","3","Colisa ","Lalia Azul","Colisa","lalia","N","3.5cm","  4,200 ","  4,620.0 "
"1500","05","05","2","3","Colisa ","Lalia Roja","Colisa","lalia","N","3.5cm","  4,200 ","  4,620.0 "
"1500","05","06","2","3","Colisa ","Labiosa Miel","Colisa","labiosa","N","5cm","  4,200 ","  4,620.0 "
"1500","10","07","1","1","Gourami ","Paraiso Azul","Macropodus","opercularis","M","6cm","  1,100 ","  1,210.0 "
"1500","15","08","1","3","Gourami ","Besador","Helostoma","temnincki","N","6.5cm","  2,450 ","  2,695.0 "
"1500","20","09","2","1","Gourami ","Perla","Trichogaster","leeri","M","5.5cm","  3,500 ","  3,850.0 "
"1500","20","10","2","3","Gourami ","Luz de Luna","Trichogaster","microlepis","N","5.5cm","  1,950 ","  2,145.0 "
"1500","20","11","2","3","Gourami ","Dorado","Trichogaster","trichopterus","N","5.5cm","  1,100 ","  1,210.0 "
"1500","20","12","2","3","Gourami ","Azul","Trichogaster","trichopterus","N","5.5cm","  1,100 ","  1,210.0 "
"1500","20","13","2","3","Gourami ","Opalino","Trichogaster","trichopterus","N","5.5cm","  1,100 ","  1,210.0 "
"1500","20","14","2","3","Gourami ","Miel","Trichogaster","trichopterus","N","5.5cm","  1,100 ","  1,210.0 "
"CICLIDOS AF","","","","","","","","","","","",""
"1600","01","01","2","3","Obliquens","Corriente","Astatotilapia ","obliquidens","N","5cm","  3,200 ","  3,520.0 "
"1600","01","02","2","3","Obliquens","Zebra","Astatotilapia ","obliquidens","N","5cm","  1,100 ","  1,210.0 "
"1600","02","01","2","3","Pundamila","Nieyeri","Pundamila","Nieyeri","N","4.5cm","  35,000 ","  38,500.0 "
"1600","05","04","2","3","Aulonocara","Albino","Aulonocara","baenschi","N","5.5cm","  23,000 ","  25,300.0 "
"1600","05","05","2","3","Aulonocara","Flavescens Azul y Amarillo","Aulonocara","flavescens","N","5.5cm","  30,000 ","  33,000.0 "
"1600","05","06","2","3","Aulonocara","Eureka","Aulonocara","Regina","N","5.5cm","  23,000 ","  25,300.0 "
"1600","05","07","2","3","Aulonocara","OB","Aulonocara","baenschi","N","5.5cm","  40,000 ","  44,000.0 "
"1600","05","07","2","3","Aulonocara","Baenchi (Amarillo con Azul)","Aulonocara","baenschi","N","5.5cm","  35,000 ","  38,500.0 "
"1600","05","08","2","3","Aulonocara","German Red","Aulonocara","German Red","N","5.5cm","  45,000 ","  49,500.0 "
"1600","05","09","2","3","Aulonocara","Fire Fish","Aulonocara","Usilla","N","5.5cm","  45,000 ","  49,500.0 "
"1600","05","10","2","3","Aulonocara","Maelandy","Aulonocara","Maelandy","N","5.5cm","  45,000 ","  49,500.0 "
"1600","05","12","2","3","Haplochromis","Lithobates","Haplochromis","Lithobates","N","5.5cm","  23,000 ","  25,300.0 "
"1600","06","13","2","3","Ciclido","Verde","Lethrynox","intermedius","N","6cm","  23,000 ","  25,300.0 "
"1600","10","47","2","3","Haplochromis","Naranja","Haplochromis","Hard rock","N","5cm","  3,200 ","  3,520.0 "
"1600","10","47","3","3","Haplochromis","Naranja","Haplochromis","Hard rock","N","5cm","  6,400 ","  7,040.0 "
"1600","85","08","2","3","Ciclido","Ahli","Sciaenochromis","ahli","N","5cm","  14,000 ","  15,400.0 "
"1600","10","09","2","3","Ciclido","Livingstoni","Haplochromis","livingsstoni","N","5cm","  1,100 ","  1,210.0 "
"1600","90","10","2","3","Ciclido","Moori","Cyptocara","moorii","N","4cm","  1,750 ","  1,925.0 "
"1600","95","11","2","3","Ciclido","Venustus","Nimbochromis","venustus","N","4cm","  1,100 ","  1,210.0 "
"1600","10","45","2","3","Ciclido","Borley","Haplochromis","Borley","N","5cm","  16,500 ","  18,150.0 "
"1600","10","45","3","3","Ciclido","Borley","Haplochromis","Borley","N","8cm","  27,000 ","  29,700.0 "
"1600","10","11","2","3","Ciclido","Compressicepes","Dimidochromis","Compressicepes","N","5cm","  16,500 ","  18,150.0 "
"1600","10","11","3","3","Ciclido","Compressicepes","Dimidochromis","Compressicepes","N","8cm","  21,500 ","  23,650.0 "
"1600","15","12","2","3","Ciclido","Exochromis","Exochromis ","Anagenys","N","6cm","  17,000 ","  18,700.0 "
"1600","15","12","3","3","Ciclido","Exochromis","Exochromis ","Anagenys","N","8cm","  32,000 ","  35,200.0 "
"1600","20","13","2","3","Ciclido","Labeotropheus","Labeotropheus","trewavasae","N","5cm","  1,100 ","  1,210.0 "
"1600","20","14","2","3","Ciclido","Labeotropheus Albino","Labeotropheus","trewavasae","N","5cm","  1,100 ","  1,210.0 "
"1600","25","14","2","3","Ciclido","Tropheus Amarillo","Labidochromis","Carulius","N","4cm","  3,250 ","  3,575.0 "
"1600","30","15","2","3","Ciclido","Brichardi","Lamprologus ","Brichardi","N","4cm","  6,900 ","  7,590.0 "
"1600","30","16","2","3","Ciclido","Dafodil","Lamprologus ","Dafodil","N","4cm","  6,900 ","  7,590.0 "
"1600","35","16","2","3","Ciclido","Auratus","Melanochromis","auratus","N","4cm","  1,100 ","  1,210.0 "
"1600","35","17","2","3","Ciclido","Auratus Albino","Melanochromis","auratus","N","4cm","  1,300 ","  1,430.0 "
"1600","35","18","2","3","Ciclido ","Chipokae","Melanochromis","chipokae","N","4cm","  1,300 ","  1,430.0 "
"1600","35","19","2","3","Ciclido ","Exasperatus","Melanochromis","exasperatus","N","4cm","  1,100 ","  1,210.0 "
"1600","35","20","2","3","Ciclido ","Johannii Amarillo","Melanochromis","johannii","N","4cm","  1,300 ","  1,430.0 "
"1600","35","21","2","3","Ciclido ","Johannii Azul","Melanochromis","johannii","N","4cm","  1,300 ","  1,430.0 "
"1600","40","22","2","3","Ciclido","Pulcher Krevenci","Pelvicachromis","pulcher","N","3.5cm","  4,800 ","  5,280.0 "
"1600","45","23","2","3","Ciclido","Acei","Pseudotropheus","Acei","N","3.5cm","  1,750 ","  1,925.0 "
"1600","45","24","2","3","Ciclido ","Rusty","Pseudotropheus","springare","N","3.5cm","  1,300 ","  1,430.0 "
"1600","45","26","2","3","Ciclido ","Crabro","Pseudotropheus","Crabro","N","3.5cm","  1,300 ","  1,430.0 "
"1600","45","27","2","3","Ciclido ","Elongatus","Pseudotropheus","Elongatus","N","4cm","  1,100 ","  1,210.0 "
"1600","45","28","2","3","Ciclido ","Red Top Zebra","Pseudotropheus","greshakei","N","4cm","  1,100 ","  1,210.0 "
"1600","45","29","2","3","Ciclido ","Keny Amarillo - Azul","Pseudotropheus","lombardoi","N","4cm","  1,300 ","  1,430.0 "
"1600","45","30","2","3","Ciclido ","Cobalto Azul","Pseudotropheus","sokolofii","N","4cm","  1,100 ","  1,210.0 "
"1600","45","31","2","3","Ciclido ","Cobalto Azul Albino ","Pseudotropheus","sokolofii","N","4cm","  1,300 ","  1,430.0 "
"1600","45","32","2","3","Ciclido ","OB Zebra","Pseudotropheus","zebra","N","4cm","  1,300 ","  1,430.0 "
"1600","45","33","2","3","Ciclido ","Mandarina","Pseudotropheus","zebra","N","4cm","  1,300 ","  1,430.0 "
"1600","45","38","2","3","Ciclido ","Albino Zebra","Pseudotropheus","zebra","N","4cm","  1,100 ","  1,210.0 "
"1600","45","35","2","3","Ciclido ","Damazoni","Pseudotropheus","damasoni","N","3.5cm","  6,900 ","  7,590.0 "
"1600","45","35","2","3","Ciclido","Psudotropheus amarillo blanco","Pseudotropheus","Macrophthalmus","N","4cm","  1,100 ","  1,210.0 "
"1600","45","37","2","3","Daktari","Corriente","Pseudotropheus","daktari","N","4cm","  1,300 ","  1,430.0 "
"1600","45","37","2","3","Ciclido","Chaillino","Pseudotropheus","Chaillino","N","4cm","  3,250 ","  3,575.0 "
"1600","60","39","2","3","Ciclido ","Dubois","Tropheus","duboisi","N","4cm","  38,000 ","  41,800.0 "
"1600","60","41","2","3","Ciclido ","Bemba","Tropheus","Bemba","N","3.5cm","  43,000 ","  47,300.0 "
"1600","10","05","2","3","Cíclido","Bluedempsey Azul Electrico","Blue","Dempsey","N","5cm","  30,000 ","  33,000.0 "
"1600","65","40","2","3","Ciclido ","Steveni Taiwan Reef","Protomelas","Steveni","N","6cm","  48,000 ","  52,800.0 "
"1600","65","41","2","3","Ciclido ","Steveni Alvino","Protomelas","Steveni","N","6cm","  37,000 ","  40,700.0 "
"1600","65","40","2","3","Ciclido ","Fenestratus","Protomelas","Fenestratus","N","6cm","  27,000 ","  29,700.0 "
"1600","70","41","2","3","Ciclido ","Joya","Hemichromis","bimacuadata","N","4cm","  1,150 ","  1,265.0 "
"1600","70","42","2","3","Ciclido ","Poleni","Paratilapia","Polleni","N","4cm","  11,000 ","  12,100.0 "
"1600","75","42","2","3","Cynotilapia","Leon cove","Cynotilapia","afra","N","4cm","  3,800 ","  4,180.0 "
"1600","80","43","2","3","Afra","Azul aleta amarilla","Cynotilapia","afra","N","4cm","  3,800 ","  4,180.0 "
"CICLIDOS AM","","","","","","","","","","","",""
"1700","01","01","1","3","Oscar","Blanco","Astronotus","ocelatus ","N","3cm","  6,000 ","  6,600.0 "
"1700","01","02","1","3","Oscar","Cobre","Astronotus","ocelatus ","N","3cm","  6,000 ","  6,600.0 "
"1700","01","03","1","3","Oscar","Tigre","Astronotus","ocelatus ","N","3cm","  3,000 ","  3,300.0 "
"1700","05","05","2","3","Convicto","Albino","Archocentrus","nigrofasciatum","N","5cm","  900 ","  990.0 "
"1700","05","04","2","3","Convicto","Negro","Archocentrus","nigrofasciatum","N","5cm","  900 ","  990.0 "
"1700","06","04","1","1","Nandopsis","Salvini ","Nandopsis","Salvini","M","5cm","  1,300 ","  1,430.0 "
"1700","06","04","1","1","Nandopsis","Salvini Rojo","Nandopsis","Salvini","H","5cm","  11,000 ","  12,100.0 "
"1700","10","05","2","3","Jack Dempsy","Corriente","Cichlasoma","octofasciatum","N","5cm","  1,300 ","  1,430.0 "
"1700","20","07","1","3","Flower Horn","Corriente","Cichlasoma ","sp","N","4cm","  1,300 ","  1,430.0 "
"1700","20","07","2","3","Flower Horn","Corriente","Cichlasoma ","sp","N","8cm","  9,000 ","  9,900.0 "
"1700","20","07","3","3","Flower Horn","Corriente","Cichlasoma ","sp","N","10cm","  18,000 ","  19,800.0 "
"1700","20","09","3","3","Ciclido","Boca de fuego","Cichlasoma ","Meeki","N","5cm","  6,000 ","  6,600.0 "
"1700","25","08","2","3","Falso Disco","Severum Blanco","Heros","severum","N","3cm","  2,200 ","  2,420.0 "
"1700","25","09","2","3","Falso Disco","Severum Corriente","Heros","Appendiculate","N","3cm","  2,200 ","  2,420.0 "
"1700","30","10","1","1","Rivulatus","Corriente","Aequidens","rivulatus","N","4cm","  1,700 ","  1,870.0 "
"1700","30","10","3","1","Rivulatus","Corriente","Aequidens","rivulatus","N","8cm","  9,000 ","  9,900.0 "
"1700","35","11","1","3","Cyanogutatus ","Verde","Herychthys","Cyanogulatus","N","4cm","  1,300 ","  1,430.0 "
"1700","35","11","3","3","Cyanogutatus ","Verde","Herychthys","Cyanogulatus","N","8cm","  8,500 ","  9,350.0 "
"1700","40","12","1","3","Maculicauda","Vieja Roja y Negra","Vieja","maculicauda","N","4cm","  1,300 ","  1,430.0 "
"1700","40","12","3","3","Maculicauda","Vieja Roja y Negra","Vieja","maculicauda","N","8cm","  9,000 ","  9,900.0 "
"1700","50","14","1","3","Ciclido","Chocolate","Hypselecara ","temporalis","N","5cm","  2,700 ","  2,970.0 "
"1700","50","14","3","3","Ciclido","Chocolate","Hypselecara ","temporalis","N","8cm","  9,000 ","  9,900.0 "
"1700","55","16","2","3","Ramirezi","albino de velo","Microgeophagus","Ramirezii","N","4cm","  4,800 ","  5,280.0 "
"1700","55","17","2","3","Ramirezi","azul de velo","Microgeophagus","Ramirezii","N","4cm","  3,800 ","  4,180.0 "
"1700","55","20","2","3","Ramirezi","Papilocromis","Papilocchromis","Altipinosa","N","4cm","  2,700 ","  2,970.0 "
"1700","55","21","2","3","Ramirezi","azul electrico Intenzo","Microgeophagus","Ramirezii","N","3cm","  20,000 ","  22,000.0 "
"1700","60","19","1","3","Escalar","Sin Velo Surtidos","Pterophilum","scalare","N","4cm","  1,100 ","  1,210.0 "
"1700","60","19","2","3","Escalar","Sin Velo Surtidos","Pterophilum","scalare","N","5cm","  1,250 ","  1,375.0 "
"1700","60","19","3","3","Escalar","Sin Velo Surtidos","Pterophilum","scalare","N","9cm","  5,500 ","  6,050.0 "
"Acontinuacion listamos todas las variedades de escalares que producimos, se venden surtidos.","","","","","","","","","","","",""
"1700","60","27","1","3","Escalar","Velo Surtidos","Pterophilum","scalare","N","4cm","  1,250 ","  1,375.0 "
"1700","60","27","2","3","Escalar","Velo Surtidos","Pterophilum","scalare","N","6cm","  1,600 ","  1,760.0 "
"1700","60","27","3","3","Escalar","Velo Surtidos","Pterophilum","scalare","N","9cm","  6,500 ","  7,150.0 "
"1700","60","26","2","3","Escalar","Sin Velo Negro","Pterophilum","scalare","N","4.5cm","  5,500 ","  6,050.0 "
"1700","60","26","3","3","Escalar","Sin Velo Negro","Pterophilum","scalare","N","6.5cm","  10,500 ","  11,550.0 "
"1700","60","33","2","3","Escalar","Velo Negro","Pterophilum","scalare","N","4.5cm","  7,500 ","  8,250.0 "
"1700","60","33","3","3","Escalar","Velo Negro","Pterophilum","scalare","N","6.5cm","  15,000 ","  16,500.0 "
"1700","60","35","3","3","Escalar","Escama d Perla sin velo","Pterophilum","scalare","N","4.5cm","  5,500 ","  6,050.0 "
"1700","60","35","3","3","Escalar","Escama d Perla sin velo","Pterophilum","scalare","N","6.5cm","  10,000 ","  11,000.0 "
"1700","60","35","2","3","Escalar","Velo Escama d Perla","Pterophilum","scalare","N","4.5cm","  10,000 ","  11,000.0 "
"1700","60","35","3","3","Escalar","Velo Escama d Perla","Pterophilum","scalare","N","6.5cm","  15,000 ","  16,500.0 "
"1700","60","35","2","3","Escalar","Koi Americano","Pterophilum","scalare","N","4cm","  3,500 ","  3,850.0 "
"1700","60","35","3","3","Escalar","Koi Americano","Pterophilum","scalare","N","5cm","  5,500 ","  6,050.0 "
"1700","60","45","3","3","Escalar","Koi Rojo","Pterophilum","scalare","N","4.5cm","  8,000 ","  8,800.0 "
"1700","60","46","3","3","Escalar","Koi Rojo","Pterophilum","scalare","N","6cm","  12,000 ","  13,200.0 "
"1700","60","36","1","3","Escalar","Platino azul","Pterophilum","scalare","N","4.5cm","  5,500 ","  6,050.0 "
"1700","60","36","2","3","Escalar","Platino azul","Pterophilum","scalare","N","6cm","  7,500 ","  8,250.0 "
"1700","60","37","2","3","Escalar","Red Cap","Pterophilum","scalare","N","4.5cm","  3,500 ","  3,850.0 "
"1700","60","37","2","3","Escalar","Red Cap","Pterophilum","scalare","N","6cm","  5,500 ","  6,050.0 "
"1700","65","37","2","3","Disco","Marlboro","Symphysodon","aequifasciatus","N","3.5cms","  35,000 ","  38,500.0 "
"1700","65","37","4","3","Disco","Marlboro","Symphysodon","aequifasciatus","N","4.5cms","  45,000 ","  49,500.0 "
"1700","65","39","2","3","Disco ","Marlboro","Symphysodon","aequifasciatus","N","6cm","  60,000 ","  66,000.0 "
"1700","65","39","4","3","Disco ","Snow White","Symphysodon","aequifasciatus","N","3.5 cms","  28,000 ","  30,800.0 "
"1700","65","39","4","3","Disco ","Snow White","Symphysodon","aequifasciatus","N","4.5cms","  38,000 ","  41,800.0 "
"1700","65","39","4","3","Disco ","Snow White","Symphysodon","aequifasciatus","N","6cm","  50,000 ","  55,000.0 "
"1700","65","39","4","3","Disco ","Snow White F2","Symphysodon","aequifasciatus","N","3 cms","  25,000 ","  27,500.0 "
"1700","65","39","4","3","Disco ","Snow White F2","Symphysodon","aequifasciatus","N","4 cms","  35,000 ","  38,500.0 "
"1700","65","39","4","3","Disco ","Snow White F2","Symphysodon","aequifasciatus","N","5 cms","  45,000 ","  49,500.0 "
